gene id	is lethal	is enzyme	is gpcr	wormnet_core_no._interactions	wormnet_core_total_score	wormnet_full_no._interactions	wormnet_full_total_score	has mammalian orthologue	no. of elegans genes in group
WBGene00002061	true	false	false	0	0	0	0	true	1
WBGene00015418	false	false	false	6	7.237428418933596	39	11.3852276846856479	true	1
WBGene00005086	false	false	false	14	10.574266801310317	51	17.1951804117682674	false	1
WBGene00005086	false	false	false	14	10.574266801310317	51	17.1951804117682674	true	1
WBGene00005086	true	false	false	14	10.574266801310317	51	17.1951804117682674	false	1
WBGene00004426	true	false	false	73	113.444038129457949	118	117.281054757016631484	true	1
